Title,Price,Type,Tags,URL,Images,Description,Created Date
HALF-LIGHT DENIM,$173650.00,,,https://tugoflooks.com/products/half-light-denim,"https://cdn.shopify.com/s/files/1/0653/1579/9228/files/DF5F3E24-2D05-491B-B6A0-3F7891927F1D.jpg?v=1781714998, https://cdn.shopify.com/s/files/1/0653/1579/9228/files/8B252C13-BE1D-4193-AAF4-3746E0BDC46B.webp?v=1781714278","The Half-Light Denim exists somewhere between two worlds — one washed in pale sun, the other aged by time. A deliberate split construction transforms an everyday staple into something far less predictable, creating a silhouette that feels familiar from a distance and entirely different up close. Cut",2026-06-17T17:31:04+01:00
The ACNE Gym Bro Tee,$182999.00,,,https://tugoflooks.com/products/the-acne-gym-bro-tee,"https://cdn.shopify.com/s/files/1/0653/1579/9228/files/C29BC4C7-963F-40F9-BD57-7E28BED8F8FC.jpg?v=1781637916, https://cdn.shopify.com/s/files/1/0653/1579/9228/files/7D2D6407-4D67-4E40-9D36-82FE6A18CD41.jpg?v=1781637916, https://cdn.shopify.com/s/files/1/0653/1579/9228/files/F73F406F-0EC7-42A4-8EE1-236E40AEA645.webp?v=1781637916","A heavyweight statement piece that merges vintage athletic aesthetics with contemporary luxury. Rendered in a deep washed-brown tone, this oversized tee features raised leather-style appliqué lettering across the chest, paired with a distressed weightlifting graphic and tonal script detailing. The r",2026-06-16T20:23:49+01:00
Technical Alpine Carabiner Boot – Ash Grey,$885950.00,,,https://tugoflooks.com/products/technical-alpine-boot-ash-grey,"https://cdn.shopify.com/s/files/1/0653/1579/9228/files/11C15AD3-46AD-488B-939D-39B80C66480C.jpg?v=1781619378, https://cdn.shopify.com/s/files/1/0653/1579/9228/files/C119AB17-FC18-4199-B1EC-485150B66B6F.jpg?v=1781619378, https://cdn.shopify.com/s/files/1/0653/1579/9228/files/A88129D5-E964-4CBC-8437-35DC316D48EC.jpg?v=1781619378","A rugged outdoor silhouette reimagined through a contemporary lens. Crafted with a premium suede upper and reinforced panel construction, this technical boot balances utilitarian function with elevated design. Featuring extended hiking laces, metal hardware detailing, and a heavy-duty lug sole, it d",2026-06-16T15:07:30+01:00
STUART WEITZMAN AUGUSTINE BOOT,$358650.00,,,https://tugoflooks.com/products/stuart-weitzman-augustine-boot,"https://cdn.shopify.com/s/files/1/0653/1579/9228/files/CC57D027-2A5C-4623-81D8-E05E541CF4E4.jpg?v=1781523327, https://cdn.shopify.com/s/files/1/0653/1579/9228/files/A0DBC151-9C32-4589-9BEB-A14BB3DBB98A.jpg?v=1781523339, https://cdn.shopify.com/s/files/1/0653/1579/9228/files/9387C597-21CF-4EC9-9EFC-ECC262B67260.jpg?v=1781523330, https://cdn.shopify.com/s/files/1/0653/1579/9228/files/FBA60B31-B94C-40B2-83E5-A67C876F2857.jpg?v=1781523343, https://cdn.shopify.com/s/files/1/0653/1579/9228/files/6C7115B8-7F7E-4BCC-8E72-D82556697B5E_8411b928-f6dd-4435-955f-964af62ea240.jpg?v=1781523330","A modern western silhouette refined through a luxury lens. The Augustine Boot by Stuart Weitzman combines polished leather construction with a sharp square toe and sculpted block heel, creating a striking balance between classic craftsmanship and contemporary edge. Its sleek mid-calf profile and glo",2026-06-15T12:34:56+01:00
BAD BLOOD STUDIOS LOUNGE PANTS,$148950.00,,,https://tugoflooks.com/products/bad-blood-studios-lounge-pants,"https://cdn.shopify.com/s/files/1/0653/1579/9228/files/B1E8ED31-4912-47BA-A32B-987D9CA715C8.jpg?v=1781521247, https://cdn.shopify.com/s/files/1/0653/1579/9228/files/38458318-9A8A-4796-843D-87B179E3BC25.jpg?v=1781521247, https://cdn.shopify.com/s/files/1/0653/1579/9228/files/EE74FC10-E91B-4201-83B4-38E79CA32A5C_dd56049d-a72d-4978-9f6b-de3920ad7382.jpg?v=1781521845, https://cdn.shopify.com/s/files/1/0653/1579/9228/files/A22EACF5-9A83-4F32-831E-2576BEA7CA17_169f517b-6c5a-44e1-a61f-02aeecc92bfa.jpg?v=1781521843, https://cdn.shopify.com/s/files/1/0653/1579/9228/files/862ECE05-BD81-4FEE-9C37-83116F8A8AD8.jpg?v=1781521915","The Bad Blood Studios Lounge Pants are cut in a wide, easy silhouette and finished in a crisp off-white fabric with fine black pinstripes. Designed with an elasticated waistband and subtle branding details, the piece balances comfort and structure, making it equally suited for laid-back days and ele",2026-06-15T12:00:09+01:00
Bape WGM Patent Black/Red,$308999.00,,,https://tugoflooks.com/products/bape-wgm-patent-black-red,"https://cdn.shopify.com/s/files/1/0653/1579/9228/files/805053B4-FA90-4536-9853-B155E918072C.jpg?v=1781263788, https://cdn.shopify.com/s/files/1/0653/1579/9228/files/9D72BBE0-AD7A-4AC6-A7CD-36DE593828A4.jpg?v=1781263788, https://cdn.shopify.com/s/files/1/0653/1579/9228/files/0C9FD4D3-4195-4A2B-BAB0-10A0D7C31FF4.jpg?v=1781263788","The BAPE STA has long stood as one of the most recognizable silhouettes to emerge from Japanese street culture, borrowing the familiar language of basketball sneakers and transforming it into something unmistakably its own. This edition doubles down on that legacy with a glossy black patent upper, b",2026-06-12T12:29:27+01:00
HOLLYWOOD CRAVING DISTRESS TEE,$122950.00,,,https://tugoflooks.com/products/craving-hollywood-distress-tee,"https://cdn.shopify.com/s/files/1/0653/1579/9228/files/BE915FFD-3BDA-413C-8E70-B18E51F35854.jpg?v=1781191909, https://cdn.shopify.com/s/files/1/0653/1579/9228/files/3DA79F91-4A87-4E86-AFFE-7ED30BA69026.jpg?v=1781191909, https://cdn.shopify.com/s/files/1/0653/1579/9228/files/F47678DB-C461-4792-B2FA-2FFA64CF6BFA.jpg?v=1781191909","A graphic piece that feels pulled from the margins of a forgotten publication. Faded typography, fragmented visuals, and subtle distressing come together to create a tee that sits somewhere between underground culture, archival design, and worn-in nostalgia. The oversized silhouette and raw details ",2026-06-11T16:31:24+01:00
Onitsuka Tiger Mexico 66 Metallic Silver,$169950.00,,,https://tugoflooks.com/products/onitsuka-tiger-mexico-66-metallic-silver,"https://cdn.shopify.com/s/files/1/0653/1579/9228/files/0C7296C1-72D7-48B6-8BDB-E5A8B86C3B43.jpg?v=1781166357, https://cdn.shopify.com/s/files/1/0653/1579/9228/files/0864E35A-0B40-43CE-9D5D-D647CF06E2FC.jpg?v=1781166358, https://cdn.shopify.com/s/files/1/0653/1579/9228/files/5C0C875F-E204-4D47-97A5-5FC6DE9552F6.jpg?v=1781166357, https://cdn.shopify.com/s/files/1/0653/1579/9228/files/DDE2E993-89B9-4DF3-94D6-00A19856979B.jpg?v=1781166357, https://cdn.shopify.com/s/files/1/0653/1579/9228/files/E8D85C6A-97CB-4D19-BF43-CB40275F94EF.jpg?v=1781166357, https://cdn.shopify.com/s/files/1/0653/1579/9228/files/1AAD5EA9-BEB7-42A6-A0E2-B6C297C5BD70.jpg?v=1781166357, https://cdn.shopify.com/s/files/1/0653/1579/9228/files/514760B7-DF5A-4C97-9F9F-ACFE71B08845.jpg?v=1781166357","The Mexico 66 takes one of Onitsuka Tiger’s most recognizable designs and pushes it into statement territory with a reflective silver leather upper, contrasted by vintage-inspired cream stripes, laces, and sole detailing. Lightweight, low-profile, and endlessly versatile, this pair sits somewhere be",2026-06-11T09:23:04+01:00
SCULPTED FLARE TROUSERS,$188999.00,,,https://tugoflooks.com/products/sculpted-flare-trousers,"https://cdn.shopify.com/s/files/1/0653/1579/9228/files/3E762137-DC65-4F4C-AE6F-552CE2A1361D.jpg?v=1781093259, https://cdn.shopify.com/s/files/1/0653/1579/9228/files/28303D24-DA88-4B3C-AA74-B5F1384A7980.jpg?v=1781093259, https://cdn.shopify.com/s/files/1/0653/1579/9228/files/738646C2-7EC5-4AD6-BC7B-5175959EDD13.jpg?v=1781093454, https://cdn.shopify.com/s/files/1/0653/1579/9228/files/A315048C-2486-4A95-8CF9-18F569CCDEC0.jpg?v=1781093454",A sharp reinterpretation of classic tailoring through an experimental silhouette. The Sculpted Flare Trousers feature a structured straight fit through the thigh before expanding into a dramatic flare below the knee. Architectural panel construction and subtle utility-inspired detailing create a sha,2026-06-10T13:05:46+01:00
SUPREME RUGBY CLUB JERSEY,$144500.00,,,https://tugoflooks.com/products/supreme-rugby-club-jersey,"https://cdn.shopify.com/s/files/1/0653/1579/9228/files/9B7BEFBC-086F-44DA-B9A9-F45938F8555F.jpg?v=1781021587, https://cdn.shopify.com/s/files/1/0653/1579/9228/files/20E98F30-1884-4E5D-88F1-AEB527F00C22.jpg?v=1781021601, https://cdn.shopify.com/s/files/1/0653/1579/9228/files/1835D359-0B31-412B-8AA1-3C64FD11EFC9.jpg?v=1781021601, https://cdn.shopify.com/s/files/1/0653/1579/9228/files/346AC68A-F109-41E1-AABB-E2C7FE3E1697.jpg?v=1781021587, https://cdn.shopify.com/s/files/1/0653/1579/9228/files/CB08687D-48DF-46F2-B3FA-11366CA7EBD4.jpg?v=1781021587","A streetwear staple reimagined through the lens of classic rugby heritage. This Rugby Club Jersey blends athletic influence with everyday wearability, featuring a structured collar, oversized fit, and bold graphic detailing across a heavyweight construction. Designed to stand apart from conventional",2026-06-09T16:12:12+01:00
STUDDED DENIM FIELD CAP,$66350.00,,,https://tugoflooks.com/products/studded-denim-field-cap,https://cdn.shopify.com/s/files/1/0653/1579/9228/files/EC62ACAB-8060-4F95-BE13-902904260167.jpg?v=1781006100,"The Studded Denim Field Cap takes a classic military-inspired silhouette and reworks it through a distressed black denim finish, finished with scattered metal stud detailing throughout. The result is a piece that feels collected rather than manufactured",2026-06-09T12:54:02+01:00
ARCHIVE EAGLE ZIP HOODIE,$208999.00,,,https://tugoflooks.com/products/archive-eagle-zip-hoodie,"https://cdn.shopify.com/s/files/1/0653/1579/9228/files/A57B28C5-2AB5-408A-B40C-E6EE8F366DFF.jpg?v=1780992537, https://cdn.shopify.com/s/files/1/0653/1579/9228/files/3FDDE6FC-3064-403D-A30A-304EF12EE643.jpg?v=1780992537, https://cdn.shopify.com/s/files/1/0653/1579/9228/files/5E1ECCE4-0564-4545-B9B7-68CA003F0EA8.png?v=1781005978","A heavyweight zip hoodie finished with a vintage-inspired wash and bold all-over graphics that feel pulled from a forgotten archive. Featuring distressed eagle artwork, faded racing influences, and worn-in detailing throughout, the Archive Eagle Zip Hoodie delivers the character of a well-traveled p",2026-06-09T09:04:34+01:00
Need A Pillow Thermal Top,$138999.00,,,https://tugoflooks.com/products/need-a-pillow-thermal-top,"https://cdn.shopify.com/s/files/1/0653/1579/9228/files/84CB1ED8-87D1-4DA5-9B2A-79E2A6E00C8B.jpg?v=1780866034, https://cdn.shopify.com/s/files/1/0653/1579/9228/files/6DCE2DF4-5CA4-47C4-BAD4-C2E0D4933D93.jpg?v=1780866034, https://cdn.shopify.com/s/files/1/0653/1579/9228/files/47EE89DE-0337-4590-B535-180452FB8E36.jpg?v=1780866034","A piece that feels pulled from someone’s archive. Constructed from textured waffle-knit cotton with contrasting camouflage raglan sleeves, the Need A Pillow Thermal Top blends military influence with underground streetwear energy. The cropped silhouette and worn-in aesthetic give it the feel of a vi",2026-06-07T22:00:06+01:00
WC CHOPPERS DISTRESSED CUT-OFF TEE,$96350.00,,,https://tugoflooks.com/products/west-coast-choppers-distressed-sleeveless-tee,"https://cdn.shopify.com/s/files/1/0653/1579/9228/files/6D890DC2-4FEC-4F3D-8A61-0C335F342FA0.jpg?v=1780773571, https://cdn.shopify.com/s/files/1/0653/1579/9228/files/5E7D83CA-977F-42B1-A4CA-F88AF7046272.png?v=1780773571, https://cdn.shopify.com/s/files/1/0653/1579/9228/files/A217FA19-C985-4DC0-BBF9-E6C12D9FE3A2.jpg?v=1780773571","This distressed sleeveless tee carries the unmistakable West Coast Choppers identity, featuring a faded front emblem and the iconic flaming cross graphic across the back. Heavy distressing throughout the garment gives it a naturally worn character, while the washed black finish adds years of attitud",2026-06-06T20:12:38+01:00
CARBON DRIFT UTILITY SHORTS,$166350.00,,,https://tugoflooks.com/products/hellstar-carbon-drift-utility-shorts,"https://cdn.shopify.com/s/files/1/0653/1579/9228/files/15DB3E0A-7F17-425D-BBE7-C43C039C4AE8.jpg?v=1780761420, https://cdn.shopify.com/s/files/1/0653/1579/9228/files/A7FFED36-2379-4F1E-8B28-181935A01590.jpg?v=1780761420, https://cdn.shopify.com/s/files/1/0653/1579/9228/files/168ABC06-FD2B-4DB7-8F7D-6C19F4CB4A4A.png?v=1780854999","The Carbon Drift Utility Shorts combine heavyweight workwear construction with a faded flame pattern woven into the fabric, creating a look that feels worn-in, intentional, and unmistakably different. Built with utility-inspired pocketing, hammer loop detailing, and a relaxed fit, they’re designed f",2026-06-06T16:56:27+01:00
MR. HENRY STILL RUGBY POLO,$108255.00,,,https://tugoflooks.com/products/mr-henry-still-rugby-polo,"https://cdn.shopify.com/s/files/1/0653/1579/9228/files/5D735F84-2D4F-4EC5-88B9-534179B46479.jpg?v=1780069770, https://cdn.shopify.com/s/files/1/0653/1579/9228/files/09564CB6-6192-40AA-BD55-14FDE30BAB26.jpg?v=1780069770, https://cdn.shopify.com/s/files/1/0653/1579/9228/files/IMG-3881.png?v=1780126967, https://cdn.shopify.com/s/files/1/0653/1579/9228/files/27D5F9B4-9E2F-4FD8-84C9-ED2C383EC544.jpg?v=1780069770, https://cdn.shopify.com/s/files/1/0653/1579/9228/files/539D0DE4-5CDC-4015-B9E4-CD7BF4FD40FA.jpg?v=1780069770","The MR. HENRY STILL Stripe Rugby Polo combines classic collegiate influences with contemporary streetwear proportions. Constructed with bold black-and-white horizontal stripes, a clean contrast collar, and a relaxed silhouette, it delivers an effortless balance between vintage sport and modern every",2026-05-29T16:48:39+01:00
PINDEX TRACK JACKET,$202999.00,,,https://tugoflooks.com/products/pindex-track-jacket,"https://cdn.shopify.com/s/files/1/0653/1579/9228/files/3F4364B8-A919-46FC-83F9-98D6EFC3148B.jpg?v=1779812878, https://cdn.shopify.com/s/files/1/0653/1579/9228/files/67C8BDEB-47ED-4E82-BFAF-5BC13B74C876.jpg?v=1779812878, https://cdn.shopify.com/s/files/1/0653/1579/9228/files/07AB38C8-995B-4ABA-A2FB-30FB2E0C3F25.jpg?v=1779812878","The PINDEX Track Jacket blends oversized proportions with sharp contrast piping and bold sleeve branding. Cut with a relaxed silhouette and lightweight shell construction, it delivers that effortless “off-duty” look while still feeling structured and intentional. The high-neck zip closure and elasti",2026-05-26T17:27:22+01:00
Pinstripe Hardware Wide Pants,$148999.00,,,https://tugoflooks.com/products/pinstripe-hardware-wide-pants,"https://cdn.shopify.com/s/files/1/0653/1579/9228/files/E7278D6D-64D7-4D70-8CC0-7D529E6CC712.jpg?v=1779295209, https://cdn.shopify.com/s/files/1/0653/1579/9228/files/76B33663-1300-4D14-9599-6044C4BA97E9.jpg?v=1779295209, https://cdn.shopify.com/s/files/1/0653/1579/9228/files/AE4B55B6-122C-4A0C-A115-63BBBB3A539E.jpg?v=1779295209, https://cdn.shopify.com/s/files/1/0653/1579/9228/files/73846025-5CD3-49C8-967D-2FE878D3E3BB.jpg?v=1779295209","Tailoring stripped back and rebuilt for movement. These wide-leg trousers cut a low, pleated silhouette with a dropped waist and fluid drape, anchored by subtle pinstripe detail on a deep black base. The statement sits at the waist — double S-hook hardware and studded accents replace the standard be",2026-05-20T17:37:20+01:00
Marlboro F1 Racing Jacket,$365250.00,,,https://tugoflooks.com/products/marlboro-f1-racing-jacket,"https://cdn.shopify.com/s/files/1/0653/1579/9228/files/ED71FB8E-E431-4A97-9FD2-4C7928A4EE09.jpg?v=1779287910, https://cdn.shopify.com/s/files/1/0653/1579/9228/files/18F8F24E-A5F7-489E-BA91-4C8BFC13AD88.jpg?v=1779287911, https://cdn.shopify.com/s/files/1/0653/1579/9228/files/6F53842D-A077-4F60-A0BD-45B3D1A59AB1.webp?v=1779287910, https://cdn.shopify.com/s/files/1/0653/1579/9228/files/B625701C-124E-4093-A003-1ACE1AD6F6C9.webp?v=1779287910, https://cdn.shopify.com/s/files/1/0653/1579/9228/files/89264E5D-3A44-4C82-80B1-940CE16996D4.webp?v=1779287910, https://cdn.shopify.com/s/files/1/0653/1579/9228/files/63CB4F10-56FB-41E6-AE35-AB36DBE5F47C.jpg?v=1779287910, https://cdn.shopify.com/s/files/1/0653/1579/9228/files/DB693C9D-7612-43B9-B437-B08059B776D1.jpg?v=1779287910","Vintage Motorsports. Modern Streetwear. Bring 90s F1 energy to your rotation with this red, white, and black racing-inspired jacket. Built for bold looks and everyday wear, it hits the sweet spot between retro motorsports heritage and clean streetwear. Design &amp; Details Colorway: Classic red and ",2026-05-20T15:36:30+01:00
‘Bound For Glory’ Distressed Tee,$118999.00,,,https://tugoflooks.com/products/bound-for-glory-distressed-tee,"https://cdn.shopify.com/s/files/1/0653/1579/9228/files/56C45E9A-CC24-49F0-A16C-15C45938150E.jpg?v=1779262862, https://cdn.shopify.com/s/files/1/0653/1579/9228/files/B2B80449-1CC2-4849-B18D-B04E33C82DB4.webp?v=1779262861","‘Bound for Glory’ Distressed Tee Vintage energy, modern fit. This tee takes the ‘Bound for Glory’ film graphic and gives it a washed, lived-in treatment that hits different on-body. Why it hits:Story on the chest: Graphic references the 1976 Hal Ashby film, with a faded dual-frame print of motorcycl",2026-05-20T08:40:19+01:00
AFGK ‘Yellow Statement’ Jacket,$322999.00,,,https://tugoflooks.com/products/afgk-yellow-statement-jacket,"https://cdn.shopify.com/s/files/1/0653/1579/9228/files/212BDE8D-1734-4EF3-98DE-6F0523854966.jpg?v=1779262490, https://cdn.shopify.com/s/files/1/0653/1579/9228/files/FE18BBFA-FEC5-4850-923D-24229FF60580.jpg?v=1779262490, https://cdn.shopify.com/s/files/1/0653/1579/9228/files/E0F8FE90-C223-48E8-A785-B983E45DCDEE.webp?v=1779262489, https://cdn.shopify.com/s/files/1/0653/1579/9228/files/0EE02416-870D-4A9B-A1E0-BC52FD3B7D80.webp?v=1779262489","This is the piece that makes the fit. A bold yellow faux leather varsity jacket with heavyweight presence and clean AFGK branding front and back. Why it stands out:Color that hits: High-visibility yellow that reads luxury streetwear, not costume. It’s the piece you throw on when the rest of the outf",2026-05-20T08:34:28+01:00
Distressed Denim Patch Beanie,$148650.00,,,https://tugoflooks.com/products/distressed-denim-patch-beanie,"https://cdn.shopify.com/s/files/1/0653/1579/9228/files/944C52F8-1D48-4758-A688-18A6E175FA3A.jpg?v=1778851356, https://cdn.shopify.com/s/files/1/0653/1579/9228/files/D0677EF4-D5DF-4A1A-95F9-4BED36C8C9C0.jpg?v=1778851356, https://cdn.shopify.com/s/files/1/0653/1579/9228/files/17330D13-F879-40D2-8A56-F2BBB20C6E5E.jpg?v=1778851356","Small detail, big attitude. This distressed denim beanie is built for when you want to add edge without overthinking it. The crown is a heavyweight ribbed knit in washed indigo, giving you that slouchy, lived-in feel from day one. The fold-over cuff is where it gets interesting: raw, frayed denim wi",2026-05-15T14:22:10+01:00
Gnostic Neo-Gothic Crewneck,$142399.00,,,https://tugoflooks.com/products/gnostic-neo-gothic-crewneck,"https://cdn.shopify.com/s/files/1/0653/1579/9228/files/5966C675-1D4C-48C9-B417-11691A2246FD.png?v=1778835805, https://cdn.shopify.com/s/files/1/0653/1579/9228/files/28DC23ED-6C25-4DCB-B19B-6BC69845E874.png?v=1778835805",This washed black crewneck is built heavy and printed harder. Front hits with a distressed gargoyle graphic and “Gnostic Visionary Cell” text. Back continues the theme with “Neo-Gothic Bauharoque” and “123” in cracked white print. Sleeves are stamped with bold “RRR” graphics for that uniform feel. T,2026-05-15T09:57:10+01:00
WAFFLE BECKENBAUER TRACK TOP - WONDER WHITE,$168350.00,,,https://tugoflooks.com/products/waffle-beckenbauer-track-top-wonder-white,"https://cdn.shopify.com/s/files/1/0653/1579/9228/files/1C11D741-AA98-4846-89BB-7EAE2931E97C.png?v=1773916505, https://cdn.shopify.com/s/files/1/0653/1579/9228/files/D91F3279-370A-4706-B822-F4D481343EFC.jpg?v=1773916505","It's hard to know which to love more: The high-contrast stand-up collar and cuffs, or how cosy this adidas track jacket is. Feel free to love both equally when you wear it while running errands, on a walk or even out to dinner. Made with cotton waffle, it serves up softness and comfort all around. A",2026-03-19T11:31:05+01:00
Gothic Cross & Dagger Wallet Chain,$64990.00,,,https://tugoflooks.com/products/gothic-cross-dagger-wallet-chain,"https://cdn.shopify.com/s/files/1/0653/1579/9228/files/3FFA0236-A3DB-4608-8BFF-21E9E338E87A.png?v=1778590363, https://cdn.shopify.com/s/files/1/0653/1579/9228/files/07DAC460-646B-4D4D-9E14-DF66D59EDF2F.jpg?v=1778590363, https://cdn.shopify.com/s/files/1/0653/1579/9228/files/586DAB5C-D5FD-4F76-9DEC-5A055639F252.jpg?v=1778590363","Add weight to your fit. This Gothic Cross &amp; Dagger wallet chain is built for guys who want their accessories to have presence. Heavy-duty stainless steel links give it a solid feel and durability that won’t tarnish or snap after a month. The centerpiece is a detailed fleur-de-lis cross pendant, ",2026-05-12T13:52:14+01:00
Silver Foam Runner Slides,$128850.00,,,https://tugoflooks.com/products/silver-foam-runner-slides,"https://cdn.shopify.com/s/files/1/0653/1579/9228/files/AE739B66-B9D4-4D6F-A2FA-30B6F66C9ED1.jpg?v=1778589910, https://cdn.shopify.com/s/files/1/0653/1579/9228/files/B3CFB420-1F2C-47DD-B348-636902707151.jpg?v=1778589911","Minimal design. Maximum comfort. These metallic foam slides are built for all-day wear without compromising the fit. The one-piece molded foam construction molds to your foot over time, giving you that broken-in feel from day one. Perforated side vents keep things breathable in Lagos heat, while the",2026-05-12T13:44:37+01:00
Light Wax Utility Pants,$175850.00,,,https://tugoflooks.com/products/light-wax-utility-pants,"https://cdn.shopify.com/s/files/1/0653/1579/9228/files/D3EB8500-849E-496F-A53B-3A8927213871.jpg?v=1778589722, https://cdn.shopify.com/s/files/1/0653/1579/9228/files/19450E5D-0CE1-4B92-8E55-FB66D44D5606.jpg?v=1778589722","Built for movement, made to stand out. These black light wax utility cargos blend techwear function with streetwear edge. The wide-leg silhouette creates a clean drape that stacks over boots or sneakers, while the high-shine finish catches light without looking tacky. Four oversized cargo pockets + ",2026-05-12T13:40:51+01:00
PLAID TRACK JACKET,$220850.00,,,https://tugoflooks.com/products/plaid-track-jacket,"https://cdn.shopify.com/s/files/1/0653/1579/9228/files/81852933-CC53-40DC-A00F-8F5304F83C91.jpg?v=1778334755, https://cdn.shopify.com/s/files/1/0653/1579/9228/files/346F3427-C996-47FC-9406-D6205C9545C3.jpg?v=1778334965, https://cdn.shopify.com/s/files/1/0653/1579/9228/files/9170E0F6-9DD0-4698-8B95-6CA3BE735EDB.jpg?v=1778334755","The ROSE Plaid Track Jacket blends vintage sportswear energy with a more refined streetwear feel — featuring a deep green/navy plaid pattern, contrast piping details and a relaxed structured fit designed for effortless layering. Finished with a full zip closure and subtle embroidered chest branding,",2026-05-09T14:51:57+01:00
FORAMDER “12” Rugby Polo,$116850.00,,,https://tugoflooks.com/products/forander-12-rugby-polo,"https://cdn.shopify.com/s/files/1/0653/1579/9228/files/BD30E616-4893-43DD-A385-DF87308FD21F.jpg?v=1778231705, https://cdn.shopify.com/s/files/1/0653/1579/9228/files/DEEE0D32-2997-4CED-83FB-7C761BC0F526.jpg?v=1778231705, https://cdn.shopify.com/s/files/1/0653/1579/9228/files/5C1B2C70-8977-4A25-A208-C5F029FDFC25.jpg?v=1778231705","A heavyweight rugby-inspired polo built with a rebellious streetwear edge. The FORANDER “12” Rugby Polo features bold mustard and charcoal horizontal striping, distressed varsity-style graphics, and embroidered crest detailing that gives it a worn-in vintage energy without feeling dated. The oversiz",2026-05-08T10:12:50+01:00
FAR ARCHIVE DISTRESSED HAT,$69899.00,,,https://tugoflooks.com/products/far-archive-distressed-hat,https://cdn.shopify.com/s/files/1/0653/1579/9228/files/IMG-1891.jpg?v=1778073616,A washed red distressed cap featuring layered “Far From What” typography embroidery across the crown. Finished with raw-edge distressing on the brim and panels for a naturally worn-in feel.,2026-05-06T14:19:40+01:00
