Brand Name,Website/Handle,Contact Email,Source Niche,Snippet Info,Discovered Date
Allbirds,https://www.allbirds.com,help@allbirds.com,shopify,"A sustainable footwear and apparel brand featuring clean, minimalist studio photography with an eco-friendly aesthetic.",2026-06-17
Gymshark,https://www.gymshark.com,support@gymshark.com,shopify,A global fitness apparel brand utilizing dynamic action shots and high-contrast lifestyle fitness photography.,2026-06-17
KITH,https://kith.com,customerservice@kith.com,shopify,A premium streetwear and sneaker boutique that employs high-fashion editorial imagery and urban lifestyle backdrops.,2026-06-17
Chubbies,https://www.chubbiesshorts.com,support@chubbies.com,shopify,"A men's casual weekend-wear brand known for its vibrant, humorous lifestyle photography and bright color palettes.",2026-06-17
Fashion Nova,https://www.fashionnova.com,info@fashionnova.com,shopify,"A fast-fashion leader specializing in trend-driven apparel with high-glamour, influencer-style studio photography.",2026-06-17
Bombas,https://bombas.com,hello@bombas.com,shopify,"A mission-driven comfort basics brand showcasing products through bright, colorful flat lays and close-up texture shots.",2026-06-17
Taylor Stitch,https://www.taylorstitch.com,hello@taylorstitch.com,shopify,"A sustainable men's heritage apparel brand featuring rugged, outdoor-focused lifestyle photography and detailed garment shots.",2026-06-17
Outdoor Voices,https://www.outdoorvoices.com,hello@outdoorvoices.com,shopify,"An activewear brand focused on 'Doing Things' for fun, using candid, diverse, and naturalistic lifestyle photography.",2026-06-17
Rebecca Minkoff,https://www.rebeccaminkoff.com,customercare@rebeccaminkoff.com,shopify,"A contemporary luxury brand for accessories and apparel that utilizes sophisticated, high-fashion editorial imagery.",2026-06-17
Alo Yoga,https://www.aloyoga.com,support@aloyoga.com,shopify,A premium yoga and lifestyle brand featuring aspirational studio and scenic outdoor wellness photography.,2026-06-17
Good American,https://www.goodamerican.com,help@goodamerican.com,shopify,"An inclusive denim and ready-to-wear brand highlighting diverse body types with clean, high-key studio photography.",2026-06-17
Cuts Clothing,https://www.cutsclothing.com,info@cutsclothing.com,shopify,"A modern professional men's basics brand utilizing sleek, minimalist studio shots and urban lifestyle backdrops.",2026-06-17
Pura Vida Bracelets,https://www.puravidabracelets.com,info@puravidabracelets.com,shopify,"Artisan-made accessories and beachwear featuring bright, high-contrast tropical lifestyle photography.",2026-06-17
Rothy's,https://rothys.com,support@rothys.com,shopify,"Sustainable footwear and bags created from recycled plastic with clean, top-down product shots and soft, natural lighting.",2026-06-17
Aime Leon Dore,https://www.aimeleondore.com,contact@aimeleondore.com,shopify,High-end streetwear brand known for vintage-inspired editorial photography and classic New York City aesthetics.,2026-06-17
Gymshark,https://gymshark.com,info@gymshark.com,shopify,UK‑based fitness apparel brand known for high‑energy lifestyle shots and bold colour palettes.,2026-06-17
Allbirds,https://allbirds.com,hello@allbirds.com,shopify,"Sustainable footwear and apparel with minimalist product photography on natural, earthy backgrounds.",2026-06-17
Outdoor Voices,https://outdoorvoices.com,support@outdoorvoices.com,shopify,"Active‑wear label that showcases bright studio shots with movement‑filled, outdoor‑inspired scenes.",2026-06-17
Taylor Stitch,https://taylorstitch.com,hello@taylorstitch.com,shopify,"Heritage menswear brand using warm, natural‑light product photos that highlight fabric detail.",2026-06-17
Mack Weldon,https://mackweldon.com,support@mackweldon.com,shopify,"Modern men’s basics presented with sleek, studio‑styled photography and a muted colour scheme.",2026-06-17
Pangaia,https://thepangaia.com,hello@thepangaia.com,shopify,Sustainable apparel line featuring pastel‑toned lifestyle imagery and clean product close‑ups.,2026-06-17
Alo Yoga,https://aloyoga.com,support@aloyoga.com,shopify,Yoga‑focused clothing brand that uses airy studio shots with soft lighting to convey movement.,2026-06-17
Staud,https://staud.clothing,info@staud.clothing,shopify,Contemporary women's fashion with editorial‑style photography that blends cityscape backdrops and bold colour.,2026-06-17
Everlane,https://everlane.com,help@everlane.com,shopify,Transparent‑pricing apparel brand featuring clean white‑background product photos that emphasize simplicity.,2026-06-17
Marine Layer,https://marinelayer.com,hello@marinelayer.com,shopify,Casual soft‑tshirt label using relaxed lifestyle photography that highlights comfort and everyday wear.,2026-06-17
Chubbies,https://www.chubbies.com,support@chubbies.com,shopify,"A men's casual wear brand focusing on fun, retro-inspired designs and vibrant outdoor lifestyle photos.",2026-06-18
Kotn,https://kotn.com,hello@kotn.com,shopify,"An ethical basics brand using Egyptian cotton, characterized by soft, natural lighting and minimalist editorial shots.",2026-06-18
Figs,https://www.wearfigs.com,stat@wearfigs.com,shopify,"A premium medical apparel brand featuring high-performance scrubs shown in professional, high-fidelity healthcare settings.",2026-06-18
Stussy,https://www.stussy.com,support@stussy.com,shopify,"An iconic streetwear pioneer featuring edgy, counter-culture inspired editorial photography and clean product shots.",2026-06-18
Unspoken Star ⭐️ (@unspokenstar_clothing),https://www.instagram.com/unspokenstar_clothing/,unspokenstarclothing@gmail.com,instagram,"407 Followers, 246 Following, 2 Posts - Unspoken Star🤐⭐️ (@unspokenstar_clothing) on Instagram: ""Clothing (Brand) Contact Info: unspokenstarclothing@gmail.com""",2026-06-18
Clothing brand (@clothingbrand7555) • Instagram photos and videos,https://www.instagram.com/clothingbrand7555/,clothingbrand883@gmail.com,instagram,"59 Followers, 190 Following, 275 Posts - Clothing brand (@clothingbrand7555) on Instagram: ""professional supplier of all apparel ,👉cut & sew 👉fast turnout 👉custom apparel clothingbrand883@gmail.com""",2026-06-18
RulaOutfit@gmail.com (@rula.clothingbrand),https://www.instagram.com/rula.clothingbrand/,RulaOutfit@gmail.com,instagram,"5,184 Followers, 6 Following, 366 Posts - RulaOutfit@gmail.com (@rula.clothingbrand) on Instagram: """"",2026-06-18
Shakam Clothing (@shakamclothing) • Instagram photos and videos,https://www.instagram.com/shakamclothing/,info.shakamclothing@gmail.com,instagram,"136 Followers, 136 Following, 37 Posts - Shakam Clothing (@shakamclothing) on Instagram: ""Clothing Brand Wholesale T-shirt sales Caps, Joggers, Hoodies, etc. Nationwide delivery 📞 09127115054 📧 info.s",2026-06-18
(@gvo.clothing) • Instagram photos and videos,https://www.instagram.com/gvo.clothing/,officialgvoclothing@gmail.com,instagram,"180 Followers, 5 Following, 12 Posts - @gvo.clothing on Instagram: "" Handmade Designs Variety of Styles Comfort & Quality You can contact us through IG or email! officialgvoclothing@gmail.com""",2026-06-18
The General Public Clothing Brand (@gp_theclothingbrand),https://www.instagram.com/gp_theclothingbrand/,generalpublic1200@gmail.com,instagram,"288 Followers, 631 Following, 31 Posts - The General Public Clothing Brand (@gp_theclothingbrand) on Instagram: ""An exclusive streetwear clothing brand that specializes in Digital and Physical Art thr",2026-06-18
nicolas. (@011ceroonce) • Instagram photos and videos,https://www.instagram.com/011ceroonce/,cerooncecontact@gmail.com,instagram,"31 Followers, 140 Following, 4 Posts - nicolas. (@011ceroonce) on Instagram: ""design acc t shirts concepts If u got a project or a clothing brand, hit me up so we can work 2gether. cerooncecontact@gma",2026-06-18
Clothing (Brand) (@ascellasportscompany),https://www.instagram.com/ascellasportscompany/,ascellasports@gmail.com,instagram,"3,087 Followers, 7,706 Following, 745 Posts - Clothing (Brand) (@ascellasportscompany) on Instagram: ""👕 Clothing Brand 👕Custom clothing 🧵Embroidery . printing .Sublimation.sticker 📦Minimum oder except",2026-06-18
Arzoo clothing brand (@arzoo.clothing) • Instagram photos and videos,https://www.instagram.com/arzoo.clothing/,arzoo.clothing20@gmail.com,instagram,"70 Followers, 234 Following, 9 Posts - Arzoo clothing brand (@arzoo.clothing) on Instagram: ""We promise comfort. 🌸 Shipping all over India. 📍India. Business queries : arzoo.clothing20@gmail.com Contac",2026-06-18
MG Clothing (@shop.mgclothing) • Instagram photos and videos,https://www.instagram.com/shop.mgclothing/,shop.mgclothing@gmail.com,instagram,"1,134 Followers, 0 Following, 97 Posts - MG Clothing (@shop.mgclothing) on Instagram: ""Welcome 💫 We are a wholesale clothing company for curvy women. Whatsapp: 213 800 1524. shop.mgclothing@gmail.com""",2026-06-18
#clothingbrand,https://www.tiktok.com/tag/clothingbrand,,tiktok,"Dontez Akram I tried starting a clothing brand with only $1,000 (Part 2) Comment ""part 3"" to see how we build the website, promote our drop and how much we make #clothingbrand #startingaclothingbrand ",2026-06-18
#streetwearbrand,https://www.tiktok.com/tag/streetwearbrand/,,tiktok,"I tried starting a clothing brand with only $1,000 (Part 2) Comment ""part 3"" to see how we build the website, promote our drop and how much we make #clothingbrand #startingaclothingbrand #clothingbran",2026-06-18
#streetwearbrands,https://www.tiktok.com/tag/streetwearbrands,,tiktok,"streetwear drops of the week - week 16⬇️ supreme, syna world x nike air force 1, 6pm season x true religion, forever living, kaizen market, nocturn ldn, palace, osbatt & more release times at the end⏰",2026-06-18
Base to the World,https://www.tiktok.com/@madebyibase/video/7651556847719173384,,tiktok,"The short, hashtag-driven announcement communicates core identity—stylish, social, and ready to expand. Interested users should look for signature streetwear staples and engage via the posted hashtags",2026-06-18
Who needs some,https://www.tiktok.com/@side.clothingbrand/video/7640142860423138562,,tiktok,"58 Likes, 20 Comments. TikTok video from Side Clothing Brand (@side.clothingbrand): ""Who needs some - #streetwear #fashion #model #urbex"". Who needs a free pair of jeans 🤔 | Skateboard jeans streetwea",2026-06-18
Starting a Successful Clothing Brand in Streetwear,https://www.tiktok.com/@brezscales/video/7448414897479617835,,tiktok,"15.2K Likes, 175 Comments. TikTok video from brezscales (@brezscales): ""Learn how to launch your streetwear clothing brand effectively. Discover key strategies and tips for aspiring entrepreneurs! #fr",2026-06-18
Build Your Brand,https://www.tiktok.com/@jcee.fashion/video/7626398653296430350,,tiktok,"Keywords: clothing manufacturer, clothing brand owner, streetwear brand, custom clothing, build your brand, fashion business, apparel manufacturing, private label clothing, clothing startup, fashion e",2026-06-18
Evione Folk Clothing Brand & Streetwear,https://www.tiktok.com/@evionefyrd/video/7634459853649415444,,tiktok,"4540 Likes, 33 Comments. TikTok video from Evione Fyrd (@evionefyrd): ""Discover Evione Folk: luxury streetwear and unique clothing brand. Explore our latest collection. #clothingbrand #streetwear #evi",2026-06-18
Building a Successful Streetwear Clothing Brand,https://www.tiktok.com/@raffcuz/video/7595552131441003798,,tiktok,"1103 Likes, 52 Comments. TikTok video from raffcuz (@raffcuz): ""Discover essential tips for creating and promoting your own streetwear clothing brand. Get inspired to start your journey today! #brando",2026-06-18
Built for the Journey,https://www.tiktok.com/@tomboyfit/video/7648013837584567565,,tiktok,"For creators launching a streetwear or tomboy-focused clothing brand, the work isn't only about product—it's about developing the stamina and identity to match the brand's trajectory. Building the bra",2026-06-18
White Fox Boutique,https://whitefoxboutique.com,info@whitefoxboutique.com,tiktok,"A trend-driven Australian boutique specializing in viral streetwear and lounge sets with high-energy, sun-drenched lifestyle photography.",2026-06-18
Edikted,https://edikted.com,hello@edikted.com,tiktok,"A Gen Z-focused fast fashion label known for Y2K aesthetics and raw, influencer-style editorial shots.",2026-06-18
Princess Polly,https://www.princesspolly.com,hi@princesspolly.com.au,tiktok,"A massive global retailer popular for trendy basics and event wear, featuring bright, outdoor lifestyle imagery.",2026-06-18
Cider,https://www.shopcider.com,hi@shopcider.com,tiktok,"A social-first 'mood-based' fashion brand characterized by vibrant, high-saturation studio photography.",2026-06-18
Halara,https://thehalara.com,service@thehalara.com,tiktok,"An activewear brand famous for viral exercise dresses, utilizing movement-focused and functional product photography.",2026-06-18
Motel Rocks,https://www.motelrocks.com,help@motelrocks.com,tiktok,"A vintage-inspired brand specializing in edgy party wear with grainy, film-style aesthetic photography.",2026-06-18
Glassons,https://www.glassons.com,help@glassons.com,tiktok,"An Australian staple for affordable basics and trendy silhouettes featuring clean, minimalist studio and street-style shots.",2026-06-18
Stax,https://stax.com.au,help@stax.com.au,tiktok,"A premium activewear label known for its inclusive sizing and high-contrast, bold studio fitness photography.",2026-06-18
YoungLA,https://www.youngla.com,support@youngla.com,tiktok,"A dominant gym-culture brand focused on bodybuilding apparel with moody, high-definition athletic photography.",2026-06-18
Beginning Boutique,https://www.beginningboutique.com.au,info@beginningboutique.com.au,tiktok,"A top destination for festival and party wear that utilizes colorful, high-saturation outdoor event photography.",2026-06-18
Adika,https://www.adika.com,support@adika.com,tiktok,"A fast-fashion streetwear brand targeting Gen Z with gritty, urban-inspired lifestyle photography.",2026-06-18
Skims,https://skims.com,help@skims.com,tiktok,"A solutions-oriented shapewear and loungewear brand featuring neutral-toned, high-fashion minimalist studio photography.",2026-06-18
Public Housing Skateboard Club,https://publichousingskateboarding.com,info@publichousingskateboarding.com,shopify,"A raw NY-based streetwear label that uses gritty, low-budget flat-lays and sidewalk shots. AI lookbooks would elevate their brand perception to a premium tier.",2026-06-18
18 East,https://18east.co,info@18east.co,shopify,"Focuses on handcrafted, artisanal garments but often relies on simple wooden floor flat-lays and basic hanger shots for their catalog.",2026-06-18
Book Works,https://bookworks.nyc,info@bookworks.nyc,shopify,A jazz-inspired streetwear brand that primarily uses basic product-on-white or simple flat-lays; they lack consistent lifestyle modeling.,2026-06-18
Paa,https://houseofpaa.com,info@houseofpaa.com,shopify,"A minimalist sportswear brand using very clinical, plain studio shots. AI could provide the high-end editorial context their price point suggests.",2026-06-18
LQQK Studio,https://lqqkstudio.com,info@lqqkstudio.com,shopify,A screen-printing collective with an emerging line. Their website uses DIY-style photography that would benefit from professional-looking AI-generated environments.,2026-06-18
Olderbrother,https://olderbrother.us,info@olderbrother.us,shopify,An eco-conscious brand using natural dyes. Their photography is rustic and simple; AI could help showcase their unique textures in diverse natural settings.,2026-06-18
Wythe New York,https://wythenewyork.com,info@wythenewyork.com,shopify,A brand specializing in Americana and oxford shirts. They use standard flat-lays and basic mannequin shots that don't capture the 'mood' of the heritage style.,2026-06-18
Satta,https://www.sattalivity.com,info@sattalivity.com,shopify,A lifestyle brand with a focus on holistic living. Their product shots are very basic; AI could place their garments in the outdoor/nature settings they aim to represent.,2026-06-18
Adsum,https://adsumnyc.com,info@adsumnyc.com,shopify,Brooklyn-based brand focused on technical apparel. They use clean but very simple studio photography that lacks the high-budget 'tech-wear' look of larger competitors.,2026-06-18
